name1,name2
charaN,Abhishek
charaN,Aman
charaN,Harsh
charaN,Ayush
charaN,Aditi
charaN,Anjali
charaN,Shubham
charaN,Anushka
charaN,Rohit
charaN,Saurabh
charaN,Muskan
charaN,Rahul
charaN,Utkarsh
charaN,Vaibhav
charaN,Amit
charaN,Saumya
charaN,Rishabh
charaN,Shruti
charaN,Himanshu
charaN,Kajal
charaN,Ankit
charaN,Gaurav
charaN,Nikhil
charaN,Siddharth
charaN,Prashant
charaN,Priya
charaN,Harshit
charaN,Shashank
charaN,Akash
charaN,Varun
charaN,Yash
charaN,Shreya
charaN,Harshita
charaN,Anurag
charaN,Vivek
charaN,Swati
charaN,Vishal
charaN,Aditya
charaN,Nidhi
charaN,Ayushi
charaN,Krishna
charaN,Anshika
charaN,Sakshi
charaN,Shivani
charaN,Prakhar
charaN,Mansi
charaN,Tushar
charaN,Abhinav
charaN,Shivangi
charaN,Ashutosh
charaN,Adarsh
charaN,Divya
charaN,Piyush
charaN,Pragya
charaN,Ajay
charaN,Akanksha
charaN,Neeraj
charaN,Ritika
charaN,Tanya
charaN,Nisha
charaN,Arun
charaN,Pallavi
charaN,Aniket
charaN,Nikita
charaN,Vijay
charaN,Ananya
charaN,Priyanshi
charaN,Suraj
charaN,Akshat
charaN,Ishika
charaN,Mohit
charaN,Palak
charaN,Ankur
charaN,Richa
charaN,Ravi
charaN,Arpit
charaN,Ankita
charaN,Shraddha
charaN,Deepak
charaN,Priyanka
charaN,Khushi
charaN,Shweta
charaN,Kavya
charaN,Kunal
charaN,Dheeraj
charaN,Akshita
charaN,Riya
charaN,Sneha
charaN,Pranjal
charaN,Isha
charaN,Sumit
charaN,Kishan
charaN,Pawan
charaN,Soumya
charaN,Neelesh
charaN,Sarthak
charaN,Alok
charaN,Raghav
charaN,Rishi
charaN,Pragati
charaN,Shivam
charaN,Lakshya
charaN,Ashish
charaN,Sandeep
charaN,Ishita
charaN,Shaurya
charaN,Kashish
charaN,Vineet
charaN,Mayank
charaN,Jyoti
charaN,Parul
charaN,Shambhavi
charaN,Anshu
charaN,Keshav
charaN,Prince
charaN,Prakash
charaN,Pratibha
charaN,Praveen
charaN,Priyanshu
charaN,Kshitij
charaN,Arushi
charaN,Ishan
charaN,Garima
charaN,Manish
charaN,Vaishnavi
charaN,Shreyansh
charaN,Atul
charaN,Sarvesh
charaN,Vidya
charaN,Shubhangi
charaN,Mohsin
charaN,Saran
charaN,Vikash
charaN,Aayush
charaN,Akhilesh
charaN,Nitin
charaN,Himani
charaN,Sushil
charaN,Vartika
charaN,Aviral
charaN,Abdul
charaN,Sumeet
charaN,Prerna
charaN,Nupur
charaN,Neha
charaN,Vikas
charaN,Vanshika
charaN,Rohan
charaN,Shivansh
charaN,Sunil
charaN,Juhi
charaN,Nitesh
charaN,Ganesh
charaN,Naveen
charaN,Shikhar
charaN,Jitendra
charaN,Chirag
charaN,Abhay
charaN,Lucky
charaN,Smriti
charaN,Manu
charaN,Deependra
charaN,Anoop
charaN,Devendra
charaN,Diksha
charaN,Muskaan
charaN,Divyansh
charaN,Kushal
charaN,Nitish
charaN,Preeti
charaN,Anand
charaN,Hemant
charaN,Amol
charaN,Sonal
charaN,Rishab
charaN,Shashwat
charaN,Shatakshi
charaN,Supriya
charaN,Anchal
charaN,Simran
charaN,Srijan
charaN,Ashwani
charaN,Stuti
charaN,Abhijeet
charaN,Harshvardhan
charaN,Ajit
charaN,Poornima
charaN,Anil
charaN,Mahendra
charaN,Ahmad
charaN,Shalini
charaN,Abhijit
charaN,Suyash
charaN,Sanskriti
charaN,Danish
charaN,Tamanna
charaN,Unnati
charaN,Sachin
charaN,Anupam
charaN,Shailesh
charaN,Shoaib
charaN,Vishnu
charaN,Surya
charaN,Pankaj
charaN,Kaif
charaN,Pooja
charaN,Gayathri
charaN,Pradeep
charaN,Ritu
charaN,Dinesh
charaN,Shriya
charaN,Tharun
charaN,Karan
charaN,Kiran
charaN,Tarun
charaN,Samarth
charaN,Ruchi
charaN,Udit
charaN,Rashi
charaN,Shailendra
charaN,Sameer
charaN,Shubhi
charaN,Siddhant
charaN,Mahi
charaN,Kanika
charaN,Aishwarya
charaN,Rajat
charaN,Rituraj
charaN,Naman
charaN,Mukesh
charaN,Roshan
charaN,Nandini
charaN,Rashmi
charaN,Vigneshwaran
charaN,Kriti
charaN,Arpita
charaN,Divyanshi
charaN,Yogesh
charaN,Deepika
charaN,Astha
charaN,Sanjay
charaN,Mahek
charaN,Narendra
charaN,Ekta
charaN,Adil
charaN,Ritesh
charaN,Bhumika
charaN,Samriddhi
charaN,Anmol
charaN,Aayushi
charaN,Akshay
charaN,Shekhar
charaN,Amisha
charaN,Amrita
charaN,Sekhar
charaN,Kundalik
charaN,Durga
charaN,Apurva
charaN,Alka
charaN,Indora
charaN,Aqsa
charaN,Anwar
charaN,Apratim
charaN,Hasni
charaN,Dalia
charaN,Aadharsh
charaN,Amarnath
charaN,Bramoni
charaN,Nethaji
charaN,Chetna
charaN,Aastha
charaN,Aakriti
charaN,Abhyuday
charaN,Akarsh
charaN,Navneet
charaN,Om
charaN,Swapnil
charaN,Akhil
charaN,Madhav
charaN,Divyam
charaN,Kirti
charaN,Annanya
charaN,Arunima
charaN,Niteesh
charaN,Nithisha
charaN,Sandhya
charaN,Uttam
charaN,Vatsalya
charaN,Aparna
charaN,Disha
charaN,Seema
charaN,Suryansh
charaN,Yashaswi
charaN,Avinash
charaN,Smita
charaN,Subhra
charaN,Tuhin
charaN,Arti
charaN,Aakash
charaN,Ayan
charaN,Aryan
charaN,Vertika
charaN,Umme
charaN,Yukti
charaN,Vishesh
charaN,Ayushman
charaN,Geeta
charaN,Divyanshu
charaN,Jaswant
charaN,Hemanshu
charaN,Bhoopendra
charaN,Bhawana
charaN,Divakar
charaN,Dimpal
charaN,Shrestha
charaN,Shivanshi
charaN,Shubh
charaN,Shreyash
charaN,Satyarth
charaN,Satyam
charaN,Shilpa
charaN,Shikha
charaN,Soniya
charaN,Tanay
charaN,Sushant
charaN,Ujjwal
charaN,Tanu
charaN,Subham
charaN,Srishti
charaN,Suryakant
charaN,Sudhanshu
charaN,Shivang
charaN,Shilpi
charaN,Sourabh
charaN,Sonu
charaN,Shakti
charaN,Satendra
charaN,Shaqib
charaN,Shalu
charaN,Sudheer
charaN,Vipul
charaN,Vipin
charaN,Yashika
charaN,Virat
charaN,Varsha
charaN,Sunny
charaN,Vineeta
charaN,Vibhanshu
charaN,Monti
charaN,Minakshi
charaN,Nitikarsh
charaN,Mugdha
charaN,Madhu
charaN,Khanak
charaN,Megha
charaN,Manya
charaN,Pakhi
charaN,Ranu
charaN,Purvi
charaN,Sapna
charaN,Saloni
charaN,Prachi
charaN,Poonam
charaN,Purnima
charaN,Prajjwal
charaN,Satya
charaN,Vandana
charaN,Tanishq
charaN,Amaan
charaN,Yuvraj
charaN,Saurav
charaN,Sanjeev
charaN,Simaran
charaN,Shrishti
charaN,Amrit
charaN,Arman
charaN,Archana
charaN,Avanish
charaN,Yusuf
charaN,Anubhav
charaN,Anita
charaN,Anupriya
charaN,Anukriti
charaN,Kritika
charaN,Jaya
charaN,Namrata
charaN,Kushagra
charaN,Hariom
charaN,Gargi
charaN,Janvi
charaN,Jai
charaN,Naziya
charaN,Ragini
charaN,Priyam
charaN,Sania
charaN,Sangeeta
charaN,Nimish
charaN,Nimesh
charaN,Prabhakar
charaN,Nivedita
charaN,Neetika
charaN,Monu
charaN,Pankhuri
charaN,Nilesh
charaN,Mallika
charaN,Mahima
charaN,Mehak
charaN,Manshi
charaN,Prakhyat
charaN,Saket
charaN,Rishika
charaN,Satvik
charaN,Sanskar
charaN,Prateek
charaN,Prarthana
charaN,Rekha
charaN,Pratham
charaN,Devanshu
charaN,Devansh
charaN,Dolly
charaN,Dhruv
charaN,Deeksha
charaN,Bhavya
charaN,Dev
charaN,Deepali
charaN,Faizan
charaN,Khushboo
charaN,Karishma
charaN,Madhuri
charaN,Maaz
charaN,Jahnavi
charaN,Jahanvi
charaN,Kamran
charaN,Kamini
charaN,Rana
charaN,Sidhi
charaN,Hartesh
charaN,Mrithyunjay
charaN,Nishtha
charaN,Dilip
charaN,Ramanakanth
charaN,Durgesh
charaN,Dipa
charaN,Rohith
charaN,Jagadeesh
charaN,Indu
charaN,Shyam
charaN,Shreyas
charaN,Indra
charaN,Sasi
charaN,Arvind
charaN,Kartik
charaN,Kartikeya
charaN,Chaitanya
charaN,Mani
charaN,Sukirti
charaN,Subodh
charaN,Surendra
charaN,Ashok
charaN,Suresh
charaN,Karthikeya
charaN,Lalit
charaN,Urmila
charaN,Sudhakar
charaN,Dhruva
charaN,Dhananjay
charaN,Rama
charaN,Raj
charaN,Chinmay
charaN,Chahat
charaN,Sourav
charaN,Desh
charaN,Raashi
charaN,Ram
charaN,Laxmi
charaN,Krishan
charaN,Yatharth
charaN,Mridul
charaN,Vinay
charaN,Sreekanth
charaN,Sweta
charaN,Thaanya
charaN,Rakesh
charaN,Pinky
charaN,Raju
charaN,Rajiv
charaN,Rajkumar
charaN,Pushkar
charaN,Asutosh
charaN,Pradip
charaN,Mrityunjay
charaN,Kavish
charaN,Monica
charaN,Sabareesh
charaN,Lakshmi
charaN,Love
charaN,Lekhraj
charaN,Sahil
charaN,Seshikanth
charaN,Kalpana
charaN,Santosh
charaN,Kapil
charaN,Subash
charaN,Raunak
charaN,Mangal
charaN,Tejas
charaN,Mayur
charaN,Ravisankar
charaN,Mahesh
charaN,Mahato
charaN,Aaryan
charaN,Manas
charaN,Surbhi
charaN,Deepshikha
charaN,Amar
charaN,Anuj
charaN,Siddhesh
charaN,Venkata
charaN,Renu
charaN,Farhan
charaN,Vignesh
charaN,Abhimanyu
charaN,Faraz
charaN,Bilal
charaN,Abhilash
charaN,Vaishali
charaN,Apoorva
charaN,Hemlata
charaN,Aanchal
charaN,Sathwika
charaN,Deepa
charaN,Utkarsha
charaN,Deep
charaN,Dushyant
charaN,Anshuman
charaN,Sukumaran
charaN,Chandran
charaN,Anshul
charaN,Saanchi
charaN,Aadil
charaN,Ali
charaN,Nishant
charaN,Aaditya
charaN,Vipasha
charaN,Abbas
charaN,Anubha
charaN,Chandra
charaN,Ayesha
charaN,Rizwa
charaN,Sanjeeda
charaN,Devadathan
charaN,Vardhamann
charaN,Sairam
charaN,Abhedhya
charaN,Gnaneswar
charaN,Sara
charaN,Rupal
charaN,Sahaj
charaN,Robin
charaN,Rupanjali
charaN,Rupeshwary
charaN,Brahmaputra
charaN,Hariharan
charaN,Pranav
charaN,Babu
charaN,Bibhu
charaN,Chirayu
charaN,Sameeksha
charaN,Ashmita
charaN,Chhavi
charaN,Shreepriya
charaN,Nahid
charaN,Sharique
charaN,Anusha
charaN,Anunay
charaN,Vidit
charaN,Shwetanshi
charaN,Anshit
charaN,Anubhuti
charaN,Vashif
charaN,Jahangeer
charaN,Sharanya
charaN,Saudamini
charaN,Arshad
charaN,Yeram
charaN,Asad
charaN,Asthana
charaN,Asmita
charaN,Ashal
charaN,Zeal
charaN,Areeb
charaN,Archita
charaN,Archi
charaN,Arish
charaN,Shyamali
charaN,Sejal
charaN,Shaileja
charaN,Gitanshu
charaN,Mansoon
charaN,Akshaya
charaN,Madhusri
charaN,Meet
charaN,Prajeeth
charaN,Gyanvi
charaN,Govindam
charaN,Mairaz
charaN,Abhilasha
charaN,Mritunjay
charaN,Mudit
charaN,Mubasshira
charaN,Goldy
charaN,Monish
charaN,Moosvi
charaN,Fariya
charaN,Toshit
charaN,Kanha
charaN,Khalid
charaN,Kaushiki
charaN,Elamathi
charaN,Vasundhara
charaN,Kandarp
charaN,Noopur
charaN,Suchita
charaN,Sumaiya
charaN,Himanshi
charaN,Ibrahim
charaN,Jagriti
charaN,Khansa
charaN,Kunaal
charaN,Ishwa
charaN,Joshika
charaN,Sawan
charaN,Priyesh
charaN,Priyal
charaN,Pradium
charaN,Omhari
charaN,Pranidhi
charaN,Leena
charaN,Harshada
charaN,Prathmesh
charaN,Ritank
charaN,Rishit
charaN,Meenu
charaN,Ranjan
charaN,Shukant
charaN,Jashveer
charaN,Nargis
charaN,Shreyans
charaN,Manaswini
charaN,Neelu
charaN,Mukund
charaN,Eshma
charaN,Aruba
charaN,Ehtisham
charaN,Nitya
charaN,Nishu
charaN,Noorsaba
charaN,Punya
charaN,Nihal
charaN,Devyanti
charaN,Nishchay
charaN,Shagun
charaN,Joy
charaN,Reshami
charaN,Ronit
charaN,Rishu
charaN,Prasun
charaN,Prakharendra
charaN,Priyamvada
charaN,Rajneesh
charaN,Kausar
charaN,Rouby
charaN,Sanket
charaN,Hari
charaN,Saumile
charaN,Shagufta
charaN,Shaad
charaN,Rupali
charaN,Jenamani
charaN,Sadiya
charaN,Saksham
charaN,Saharsh
charaN,Kushan
charaN,Munthala
charaN,Mini
charaN,Mrinal
charaN,Mudita
charaN,Mrinalini
charaN,Medha
charaN,Meenal
charaN,Nageshwar
charaN,Miren
charaN,Pardhuman
charaN,Parth
charaN,Prajal
charaN,Naseer
charaN,Nalin
charaN,Nav
charaN,Niti
charaN,Nawaz
charaN,Shamseer
charaN,Tavish
charaN,Tarushi
charaN,Tripti
charaN,Udbhav
charaN,Tuhina
charaN,Talin
charaN,Tahreem
charaN,Tanupriya
charaN,Tarique
charaN,Tariq
charaN,Utsav
charaN,Wasil
charaN,Abdur
charaN,Yogansh
charaN,Zoheb
charaN,Yogita
charaN,Vedanti
charaN,Anas
charaN,Vijendra
charaN,Abrar
charaN,Afzan
charaN,Suyesh
charaN,Shrey
charaN,Shivin
charaN,Shreyaansh
charaN,Shubhanshi
charaN,Shubhankar
charaN,Shiba
charaN,Sharvan
charaN,Shipra
charaN,Bhanu
charaN,Shiv
charaN,Shubhendu
charaN,Subhashini
charaN,Sriansh
charaN,Armoghan
charaN,Susheel
charaN,Surjeet
charaN,Snehill
charaN,Balbir
charaN,Snigdha
charaN,Arsalan
charaN,Som
charaN,Abhisikta
charaN,Aarvi
charaN,Adhyantika
charaN,Akhand
charaN,Aisha
charaN,Tabish
charaN,Yashveer
charaN,Zaineb
charaN,Aamra
charaN,Zufeshan
charaN,Alim
charaN,Antara
charaN,Annushka
charaN,Aparsha
charaN,Aqib
charaN,Apurv
charaN,Amish
charaN,Alina
charaN,Anavi
charaN,Ankush
charaN,Angad
charaN,Yashaswini
charaN,Uday
charaN,Srikrishan
charaN,Yashwanth
charaN,Vishwanath
charaN,Yashwant
charaN,Soni
charaN,Snehal
charaN,Sony
charaN,Swasti
charaN,Jimi
charaN,Utpal
charaN,Vishwa
charaN,Vidushi
charaN,Vishwas
charaN,Yachna
charaN,Vyom
charaN,Vaishavi
charaN,Vagisha
charaN,Varenyam
charaN,Vidhi
charaN,Umamaheshwara
charaN,Archit
charaN,Janhvi
charaN,Imaduddeen
charaN,Kalash
charaN,Kanchan
charaN,Kalindi
charaN,Hira
charaN,Gurjot
charaN,Hritika
charaN,Hunny
charaN,Humaira
charaN,Kashif
charaN,Mamta
charaN,Maanvi
charaN,Mandeep
charaN,Manvendra
charaN,Manideep
charaN,Kaushambi
charaN,Kasturi
charaN,Kaushik
charaN,Laiba
charaN,Kenisha
charaN,Gitika
charaN,Atif
charaN,Ateequa
charaN,Atishay
charaN,Shariq
charaN,Bhakti
charaN,Sravan
charaN,Areeba
charaN,Asma
charaN,Asif
charaN,Shakkil
charaN,Fatima
charaN,Satyendra
charaN,Garv
charaN,Geetika
charaN,Garvit
charaN,Devbrat
charaN,Devashish
charaN,Shakaib
charaN,Savan
charaN,Diptanshu
charaN,Anjoo
charaN,Shibashis
charaN,Shazia
charaN,Shivakumar
charaN,Shrikant
charaN,Sidarth
charaN,Sayan
charaN,Sanjit
charaN,Snoopi
charaN,Sharuk
charaN,Shailvi
charaN,Shyamal
charaN,Soubhagya
charaN,Snehit
charaN,Soudeep
charaN,Souvik
charaN,Soumyadeep
charaN,Siddhi
charaN,Shubhkarman
charaN,Sivaganesh
charaN,Smitesh
charaN,Shrinivas
charaN,Sanjana
charaN,Qarib
charaN,Pranay
charaN,Rajamani
charaN,Ramesh
charaN,Ramadoss
charaN,Sunish
charaN,Nirlipta
charaN,Pradosh
charaN,Prakriti
charaN,Subhashis
charaN,Ranjeet
charaN,Sai
charaN,Sahiti
charaN,Sajmi
charaN,Sangeeth
charaN,Stalin
charaN,Rishav
charaN,Riddhi
charaN,Ruchika
charaN,Safin
charaN,Sadiqa
charaN,Abhaysinha
charaN,Aashish
charaN,Anjana
charaN,Astitva
charaN,Ankurjeet
charaN,Vibha
charaN,Veena
charaN,Saravanan
charaN,Yashovardhan
charaN,Saimadhav
charaN,Avnindra
charaN,Gaush
charaN,Digvijay
charaN,Haaris
charaN,Jag
charaN,Inabat
charaN,Babitarani
charaN,Rupinder
charaN,Bhavesh
charaN,Deepro
charaN,Deepanshu
charaN,Varna
charaN,Sujan
charaN,Suhaas
charaN,Sukrit
charaN,Suprabha
charaN,Sulochana
charaN,Sravani
charaN,Sowjanya
charaN,Sravya
charaN,Sreelakshmi
charaN,Surajit
charaN,Shahansha
charaN,Sheshidhar
charaN,Upamanyu
charaN,Vangara
charaN,Vamsi
charaN,Swarag
charaN,Suryakala
charaN,Swarnava
charaN,Tanvi
charaN,Tanishta
charaN,Niranjan
charaN,Munir
charaN,Narayan
charaN,Nagjibhai
charaN,Sura
charaN,Mohandas
charaN,Shiromani
charaN,Shahid
charaN,Sitaram
charaN,Suman
charaN,Sugathan
charaN,Palata
charaN,Akshit
charaN,Akansha
charaN,Amrin
charaN,Anitha
charaN,Amrutha
charaN,Kasniya
charaN,Omkar
charaN,Aakanksha
charaN,Veerendra
charaN,Vengatesh
charaN,Vilas
charaN,Vishwadeep
charaN,Machhan
charaN,Grover
charaN,Jauhari
charaN,Hanif
charaN,Arnav
charaN,Bhushan
charaN,Kori
charaN,Yakub
charaN,Kalapu
charaN,Jodha
charaN,Rajendra
charaN,Rishiraj
charaN,Prabhu
charaN,Vikram
charaN,Tulshidas
charaN,Putta
charaN,Azmi
charaN,Vimlesh
charaN,Rehman
charaN,Sarath
charaN,Jami
charaN,Tanveer
charaN,Jeyahar
charaN,Kalyani
charaN,Kalaivani
charaN,Harsha
charaN,Harleen
charaN,Harshini
charaN,Himadri
charaN,Hershit
charaN,Kishor
charaN,Mythili
charaN,Mayukh
charaN,Navin
charaN,Niraj
charaN,Neenu
charaN,Lav
charaN,Kishore
charaN,Majaz
charaN,Manju
charaN,Manali
charaN,Hajira
charaN,Ashik
charaN,Ashay
charaN,Ashwini
charaN,Aswin
charaN,Aswathy
charaN,Thirukural
charaN,Upasana
charaN,Aravind
charaN,Asharudeen
charaN,Arnab
charaN,Atiq
charaN,Furqan
charaN,Febin
charaN,Geethu
charaN,Gunta
charaN,Gunjan
charaN,Cherry
charaN,Bhawna
charaN,Debanjana
charaN,Eashan
charaN,Taramla
charaN,Karthik
charaN,Ashit
charaN,Asvin
charaN,Ashirvad
charaN,Padum
charaN,Nivika
charaN,Nainika
charaN,Balamurugan
charaN,Atharva
charaN,Nashra
charaN,Aryaman
charaN,Rakhee
charaN,Raghwendra
charaN,Raksha
charaN,Raman
charaN,Rakshita
charaN,Pranjali
charaN,Pragun
charaN,Prashansi
charaN,Arihant
charaN,Arunlal
charaN,Brajesh
charaN,Dwijaa
charaN,Fatahun
charaN,Divyaraj
charaN,Gurvansh
charaN,Diganth
charaN,Anuraktika
charaN,Hatchinghoi
charaN,Anushi
charaN,Harshraj
charaN,Haider
charaN,Chiranjeev
charaN,Jyotsana
charaN,Kaustubh
charaN,Chandrasekhara
charaN,Chandrashekhar
charaN,Husain
charaN,Hammaad
charaN,Jaykant
charaN,Devdarshdeep
charaN,Wamika
charaN,Zaid
charaN,Abhinandan
charaN,Shalin
charaN,Tanpreet
charaN,Soumitra
charaN,Shirjon
charaN,Vratanshi
charaN,Digraj
charaN,Adity
charaN,adthi
charaN,Ana
charaN,Amita
charaN,Anadi
charaN,Davneet
charaN,Anikrishna
charaN,Ahad
charaN,Aeman
charaN,Akhya
charaN,Ambika
charaN,Jasmine
charaN,Tanish
charaN,Anish
charaN,Sadique
charaN,Ajith
charaN,Agrim
charaN,Ahinsa
charaN,Ritul
charaN,Ramandeep
charaN,Roma
charaN,Sadiq
charaN,Saawani
charaN,Satnam
charaN,Sifat
charaN,Vijaypal
charaN,Snehil
charaN,Sayeed
charaN,Satwik
charaN,Shabaj
charaN,Shreyasi
charaN,Hemavarun
charaN,Varnit
charaN,Vandita
charaN,Vidyadhar
charaN,Zahed
charaN,Viraj
charaN,Shubhanshu
charaN,Sagar
charaN,Sushmita
charaN,Rajveer
charaN,Susmithaa
charaN,Abhigya
charaN,Babli
charaN,Nagamani
charaN,Dhairya
charaN,Divyanshika
charaN,Pritha
charaN,Priyakanta
charaN,Nemi
charaN,Apurwa
charaN,Saddam
charaN,Ranjeeta
charaN,Neharika
charaN,Ramsundar
charaN,Ramkrishna
charaN,Omkant
charaN,Monika
charaN,Mitika
charaN,Mukul
charaN,Navodit
charaN,Naini
charaN,Ramakrishna
charaN,Radhika
charaN,Purnava
charaN,Ratan
charaN,Reghu
charaN,Ravinderpreet
charaN,Prasanna
charaN,Prabhjot
charaN,Prashasti
charaN,Puneet
charaN,Prassanna
charaN,Srasti
charaN,Sonika
charaN,Jivani
charaN,Jeevan
charaN,jeewan
charaN,Suramya
charaN,Shravya
charaN,Shresth
charaN,Snehlata
charaN,Karthikeyan
charaN,Jamir
charaN,Akarshita
charaN,Ajeet
charaN,Hitesh
charaN,Amitesh
charaN,Ambuj
charaN,Wasfia
charaN,Udisha
charaN,Inderveer
charaN,Abuzar
charaN,Aatish
charaN,Sheesh
charaN,Kundan
charaN,Manush
charaN,Paakhi
charaN,Madan
charaN,Gundeep
charaN,Gauri
charaN,Ifra
charaN,Jaypreet
charaN,Iskand
charaN,Parijat
charaN,Ratnesh
charaN,Kritagya
charaN,Shalvi
charaN,Sankalp
charaN,Prasoon
charaN,Madhusudan
charaN,Prastuti
charaN,Rampratap
charaN,Madhukar
charaN,charan
charaN,cheran
charaN,chran
charaN,swamy
charaN,swami
charaN,saami
